title,company,location,salary,url
Regulatory & Product Counsel,Lucid Software,ğŸŒ Probably worldwide,,https://remoteok.com/remote-jobs/remote-regulatory-product-counsel-lucid-software-1130293
PHP Laravel Developer Needed ROCKSTARS ONLY,Agent Legend,ğŸŒ Worldwide,ğŸ’° $50k - $70k,https://remoteok.com/remote-jobs/remote-php-laravel-developer-needed-rockstars-only-agent-legend-1129233
Senior Full Stack Engineer,Aguru UK,ğŸ‡ªğŸ‡º Europe,ğŸ’° $60k - $100k,https://remoteok.com/remote-jobs/remote-senior-full-stack-engineer-aguru-uk-1104983
Senior Director Customer Success Product Portfolio Management,Veeam Software,"Remote, United States",,https://remoteok.com/remote-jobs/remote-senior-director-customer-success-product-portfolio-management-veeam-software-1130165
Senior Software Engineer,Stellar AI,ğŸ‡ªğŸ‡º Europe,,https://remoteok.com/remote-jobs/remote-senior-software-engineer-stellar-ai-1128869
Senior Staff Platform Engineer,Veeam Software,"Remote, United States",,https://remoteok.com/remote-jobs/remote-senior-staff-platform-engineer-veeam-software-1130163
Senior Full stack Developer,Lemon.io,ğŸ’ƒ Latin America,,https://remoteok.com/remote-jobs/remote-senior-full-stack-developer-lemon-io-1130153
Senior Sales Engineer Data & AI Security,Veeam Software,Netherlands,,https://remoteok.com/remote-jobs/remote-senior-sales-engineer-data-ai-security-veeam-software-1130074
Senior Solution Architect GSI,Veeam Software,"Remote, United States",,https://remoteok.com/remote-jobs/remote-senior-solution-architect-gsi-veeam-software-1129817
ML AI Ops Engineer,Veeam Software,Costa Rica,,https://remoteok.com/remote-jobs/remote-ml-ai-ops-engineer-veeam-software-1129816
Senior Data Science Engineer,Veeam Software,Costa Rica,,https://remoteok.com/remote-jobs/remote-senior-data-science-engineer-veeam-software-1129814
Lead Account Executive Enterprise Sales,Veeam Software,ğŸŒ Probably worldwide,,https://remoteok.com/remote-jobs/remote-lead-account-executive-enterprise-sales-veeam-software-1129789
Software Engineer C,Octo Horizon,ğŸŒ Worldwide,ğŸ’° $120k - $180k,https://remoteok.com/remote-jobs/remote-software-engineer-c-octo-horizon-1128583
Technical Customer Support Representative,Froonze,ğŸŒ Worldwide,ğŸ’° $10k - $30k,https://remoteok.com/remote-jobs/remote-technical-customer-support-representative-froonze-1129701
Software engineer,Sticker Mule,ğŸ‡ªğŸ‡º Europe,ğŸ’° $140k - $150k,https://remoteok.com/remote-jobs/remote-software-engineer-sticker-mule-1093738
Senior Full Stack Engineer,AMK Solutions,ğŸŒ Worldwide,ğŸ’° $30k - $40k,https://remoteok.com/remote-jobs/remote-senior-full-stack-engineer-amk-solutions-1093412
Senior Systems Engineer,Veeam Software,"Remote, United Kingdom",,https://remoteok.com/remote-jobs/remote-senior-systems-engineer-veeam-software-1129105
Director of Payments U.S. Canada,Banyan Software,Toronto,,https://remoteok.com/remote-jobs/remote-director-of-payments-u-s-canada-banyan-software-1128873
Global Compensation COE Director,Veeam Software,North Carolina,,https://remoteok.com/remote-jobs/remote-global-compensation-coe-director-veeam-software-1128574
Inside Partner Manager EST,Veeam Software,"Remote, United States",,https://remoteok.com/remote-jobs/remote-inside-partner-manager-est-veeam-software-1128464
Strategic Account Manager,Veeam Software,"Remote, Georgia, USA",,https://remoteok.com/remote-jobs/remote-strategic-account-manager-veeam-software-1128347
Senior Staff Ruby on Rails Engineer,Housecall Pro,ğŸ‡§ğŸ‡· Brazil,ğŸ’° $90k - $100k,https://remoteok.com/remote-jobs/remote-senior-staff-ruby-on-rails-engineer-housecall-pro-1093828
Aztec smart contracts and Javascript front end dev,Cloak,ğŸŒ Worldwide,ğŸ’° $40k - $100k,https://remoteok.com/remote-jobs/remote-aztec-smart-contracts-and-javascript-front-end-dev-cloak-1093827
FullStack Engineer,NTD software,ğŸ’ƒ Latin America,,https://remoteok.com/remote-jobs/remote-fullstack-engineer-ntd-software-1093802
